"PID","Time","Time(ms)"
"","+2m47s311ms","167311"
"","+4m45s920ms","285920"
"","+245ms","245"
"","+16s506ms","16506"
"","+49s730ms","49730"
"","+32ms","32"
"","+30m58s725ms","1858725"
"","+12ms","12"
"","+1s485ms","1485"
"","+424ms","424"
"","+658ms","658"
"","+4s51ms","4051"
"","+56s485ms","56485"
"","+28s170ms","28170"
"","+36ms","36"
"","+40s757ms","40757"
"","+911ms","911"
"","+1m28s11ms","88011"
"","+23s461ms","23461"
"","+1s922ms","1922"
"","+4s373ms","4373"
"","+1s482ms","1482"
"","+3s687ms","3687"
"","+3s777ms","3777"
"","+1s206ms","1206"
"","+2ms","2"
"","+8m25s925ms","505925"
"","+429ms","429"
"","+2s421ms","2421"
"","+202ms","202"
"","+2s287ms","2287"
"","+40s8ms","40008"
"","+4m3s802ms","243802"
"","+7ms","7"
"","+2ms","2"
"","+2s337ms","2337"
"","+21s594ms","21594"
"","+7s792ms","7792"
"","+3ms","3"
"","+3s841ms","3841"
"","+2s663ms","2663"
"","+194ms","194"
"","+476ms","476"
"","+1m34s307ms","94307"
"","+20s86ms","20086"
"","+88ms","88"
"","+1m16s416ms","76416"
"","+20s100ms","20100"
"","+168ms","168"
"","+7s198ms","7198"
"","+717ms","717"
"","+1s388ms","1388"
"","+1m41s981ms","101981"
"","+20s104ms","20104"
"","+215ms","215"
"","+5s881ms","5881"
"","+6s507ms","6507"
"","+28s466ms","28466"
